True_pIC50,Predicted_pIC50
4.725842151,4.775301495080006
4.779107751,4.728182554150001
4.920095532,4.678311908080001
4.631341288,4.598083223510002
4.581864502,4.610714436140002
4.877456476,4.623948560089999
4.765229705,4.687276569400001
4.528414946,4.466847534129996
4.088522783,4.535521998619999
4.414652089,4.671238926819998
