True_pIC50,Predicted_pIC50
4.725842151,4.714900641230003
4.779107751,4.66952488551
4.920095532,4.60366149215
4.631341288,4.66360853797
4.581864502,4.6453743269400025
4.877456476,4.60846919765
4.765229705,4.658865083280004
4.528414946,4.515131803149999
4.088522783,4.616975614679998
4.414652089,4.70342915385
